,pollutant,mean,std_err,y,seen
0,CO,0.3519107142857143,0.03356285085678568,95% Interval,0.4
1,NO2,19.021428571428572,2.2005180115033,95% Interval,16.0
2,O3,0.04398214285714285,0.0018218630684240416,95% Interval,0.05
3,SO2,0.20714285714285713,0.03751821714948355,95% Interval,0.15