{"initial_reset_timestamp": 1596708389.0135212, "timestamps": [1596708389.3926148], "episode_lengths": [50], "episode_rewards": [0.0], "episode_types": ["t"]}