{"initial_reset_timestamp": 1594708341.6430998, "timestamps": [1594708342.0477445], "episode_lengths": [50], "episode_rewards": [0.0], "episode_types": ["t"]}