{"initial_reset_timestamp": 1615035673.0996811, "timestamps": [1615035676.7816973], "episode_lengths": [200], "episode_rewards": [200.0], "episode_types": ["t"]}