{"initial_reset_timestamp": 1596763104.3790073, "timestamps": [1596763104.4527147], "episode_lengths": [7], "episode_rewards": [0.874], "episode_types": ["t"]}